company_name,url
Numeral,https://www.workatastartup.com/companies/numeral
Dapi,https://www.workatastartup.com/companies/dapi
Typewise,https://www.workatastartup.com/companies/typewise
QuestDB,https://www.workatastartup.com/companies/questdb
FrontPage,https://www.workatastartup.com/companies/frontpage
Tailor,https://www.workatastartup.com/companies/tailor
Pump.co,https://www.workatastartup.com/companies/pump-co
SuperKalam,https://www.workatastartup.com/companies/superkalam
Overview,https://www.workatastartup.com/companies/overview
Clinikally,https://www.workatastartup.com/companies/clinikally
Streak,https://www.workatastartup.com/companies/streak
Novig,https://www.workatastartup.com/companies/novig
Fathom,https://www.workatastartup.com/companies/fathom
NewsCatcher,https://www.workatastartup.com/companies/newscatcher
Levro,https://www.workatastartup.com/companies/levro
Seam,https://www.workatastartup.com/companies/seam
Navattic,https://www.workatastartup.com/companies/navattic
Theneo,https://www.workatastartup.com/companies/theneo
Great Question,https://www.workatastartup.com/companies/great-question
Arketa,https://www.workatastartup.com/companies/arketa
SiPhox Health,https://www.workatastartup.com/companies/siphox-health
Kodo,https://www.workatastartup.com/companies/kodo
Mozart Data,https://www.workatastartup.com/companies/mozart-data
Paces,https://www.workatastartup.com/companies/paces
Dripos,https://www.workatastartup.com/companies/dripos
Cofactr,https://www.workatastartup.com/companies/cofactr
Abatable,https://www.workatastartup.com/companies/abatable
Finku,https://www.workatastartup.com/companies/finku
Secoda,https://www.workatastartup.com/companies/secoda
SkyLink,https://www.workatastartup.com/companies/skylink
GitStart,https://www.workatastartup.com/companies/gitstart
Dynamo AI,https://www.workatastartup.com/companies/dynamo-ai
Play,https://www.workatastartup.com/companies/play
Speak,https://www.workatastartup.com/companies/speak
inai,https://www.workatastartup.com/companies/inai
Swipe,https://www.workatastartup.com/companies/swipe-2
Mach9,https://www.workatastartup.com/companies/mach9
UNISON,https://www.workatastartup.com/companies/unison
"Zitara Technologies, Inc.",https://www.workatastartup.com/companies/zitara-technologies-inc
Metaplane,https://www.workatastartup.com/companies/metaplane
Arist,https://www.workatastartup.com/companies/arist
DraftWise,https://www.workatastartup.com/companies/draftwise
Heroic Labs,https://www.workatastartup.com/companies/heroic-labs
Etleap,https://www.workatastartup.com/companies/etleap
marketfeed,https://www.workatastartup.com/companies/marketfeed
Artisan AI,https://www.workatastartup.com/companies/artisan-ai
Rally UXR,https://www.workatastartup.com/companies/rally-uxr
PostEra,https://www.workatastartup.com/companies/postera
Ello,https://www.workatastartup.com/companies/ello
Laylo,https://www.workatastartup.com/companies/laylo
SnapMagic,https://www.workatastartup.com/companies/snapmagic
Duffl,https://www.workatastartup.com/companies/duffl
authzed,https://www.workatastartup.com/companies/authzed
PermitFlow,https://www.workatastartup.com/companies/permitflow
Luminai,https://www.workatastartup.com/companies/luminai
Bits,https://www.workatastartup.com/companies/bits
Keeper,https://www.workatastartup.com/companies/keeper-2
Spline,https://www.workatastartup.com/companies/spline
"Volta Labs, Inc.",https://www.workatastartup.com/companies/volta-labs-inc
Paragon,https://www.workatastartup.com/companies/paragon
Scispot,https://www.workatastartup.com/companies/scispot-io
AlemHealth,https://www.workatastartup.com/companies/alemhealth
Bunkerhill Health,https://www.workatastartup.com/companies/bunkerhill-health
Deed,https://www.workatastartup.com/companies/deed
Blissway,https://www.workatastartup.com/companies/blissway
Kombo,https://www.workatastartup.com/companies/kombo
Roboflow,https://www.workatastartup.com/companies/roboflow
Tennr,https://www.workatastartup.com/companies/tennr
FlutterFlow,https://www.workatastartup.com/companies/flutterflow
Bot MD,https://www.workatastartup.com/companies/bot-md
Koko,https://www.workatastartup.com/companies/koko
Hive,https://www.workatastartup.com/companies/hive
Leya,https://www.workatastartup.com/companies/leya
Oneleet,https://www.workatastartup.com/companies/oneleet
Alloy Automation,https://www.workatastartup.com/companies/alloy-automation
JABU,https://www.workatastartup.com/companies/jabu
Charge Robotics,https://www.workatastartup.com/companies/charge-robotics
Harmoney,https://www.workatastartup.com/companies/harmoney
Peakflo,https://www.workatastartup.com/companies/peakflo
Slope,https://www.workatastartup.com/companies/slope
Dyte,https://www.workatastartup.com/companies/dyte
Nextera Robotics,https://www.workatastartup.com/companies/nextera-robotics
Topline Pro,https://www.workatastartup.com/companies/topline-pro
doola,https://www.workatastartup.com/companies/doola
inBuild,https://www.workatastartup.com/companies/inbuild
Tavus,https://www.workatastartup.com/companies/tavus
Homebase,https://www.workatastartup.com/companies/homebase
Magna,https://www.workatastartup.com/companies/magna
Datafold,https://www.workatastartup.com/companies/datafold
Carma,https://www.workatastartup.com/companies/carma
